,old-man-sea-words
0,winner
1,take
2,nothing
3,ernest
4,hemingway
5,unlike
6,forms
7,lutte
8,combat
9,conditions
10,shall
11,neither
12,ease
13,pleasure
14,notions
15,glory
16,win
17,far
18,enough
19,reward
20,within
21,gambler
22,nun
23,radio
24,first
25,published
26,title
27,give
28,us
29,prescription
30,doctor
31,macleish
32,contents
33,storm
34,clean
35,well-lighted
36,place
37,light
38,world
39,god
40,rest
41,merry
42,gentlemen
43,sea
44,change
45,way
46,never
47,mother
48,queen
49,one
50,reader
51,writes
52,homage
53,switzerland
54,day
55,wait
56,natural
57,history
58,dead
59,wine
60,wyoming
61,fathers
62,sons
63,n't
64,anything
65,something
66,making
67,punch
68,started
69,fighting
70,slipped
71,kneeling
72,chest
73,choking
74,hands
75,like
76,trying
77,kill
78,time
79,get
80,knife
81,pocket
82,cut
83,loose
84,everybody
85,drunk
86,pull
87,hammering
88,head
89,floor
90,got
91,opened
92,muscle
93,right
94,across
95,arm
96,let
97,go
98,could
99,held
100,wanted
101,rolled
102,hung
103,onto
104,cry
105,said
106,hell
107,want
108,choke
109,killed
110,swallow
111,week
112,hurt
113,throat
114,bad
115,well
116,went
117,plenty
118,come
119,made
120,turn
121,docks
122,met
123,fellow
124,somebody
125,man
126,street
127,know
128,dark
129,water
130,standing
131,lights
132,windows
133,broke
134,boats
135,town
136,trees
137,blown
138,everything
139,skiff
140,found
141,boat
142,inside
143,mango
144,key
145,full
146,bailed
147,pumped
148,moon
149,clouds
150,still
151,rough
152,took
153,along
154,daylight
155,eastern
156,harbor
157,brother
158,saw
159,white
160,lye
161,barrel
162,coming
163,sou'west
164,recognize
165,shore
166,big
167,channel
168,middle
169,beach
170,chalk
171,branches
172,whole
173,birds
174,floating
175,keys
176,pelicans
177,kinds
178,flying
179,must
180,gone
181,knew
182,lay
183,nobody
184,came
185,seen
186,spar
187,wreck
188,look
189,three-masted
190,schooner
191,see
192,stumps
193,spars
194,deep
195,looking
196,else
197,start
198,ought
199,whatever
200,sand-bars
201,left
202,find
203,long
204,toward
205,quicksands
206,sight
207,rebecca
208,headed
209,cloud
210,looked
211,close
212,air
213,stayed
214,around
215,clear
216,kind
217,sticking
218,shadow
219,liner
220,lying
221,drifted
222,side
223,stern
224,port
225,holes
226,shut
227,tight
228,glass
229,shine
230,biggest
231,ever
232,life
233,laying
234,length
235,anchored
236,deck
237,forward
238,shoved
239,sculled
240,use
241,sponging
242,hand
243,shook
244,hardly
245,hold
246,going
247,near
248,bottom
249,open
250,pieces
251,things
252,tell
253,many
254,crazy
255,yelling
256,sharp
257,rounded
258,mile
259,bank
260,sand
261,sort
262,foremast
263,tackle
264,slanted
265,bow
266,stand
267,letters
268,name
269,nearest
270,hole
271,twelve
272,feet
273,reach
274,grains
275,pole
276,tried
277,break
278,stout
279,back
280,wrench
281,lashed
282,end
283,five
284,million
285,dollars
286,worth
287,shaky
288,think
289,much
290,closest
291,make
292,good
293,clothes
294,stood
295,couple
296,breaths
297,dove
298,swam
299,second
300,edge
301,woman
302,hair
303,plain
304,hit
305,twice
306,hard
307,heard
308,noise
309,clink
310,ears
311,would
312,dinghy
313,breath
314,climbed
315,fingers
316,floated
317,tied
318,rings
319,even
320,crack
321,thought
322,top
323,breathe
324,cracked
325,nose
326,bleeding
327,bare
328,rested
329,pulled
330,sat
331,waiting
332,stop
333,aching
334,bled
335,wash
336,quit
337,another
338,try
339,heavier
340,thing
341,sponge
342,hook
343,clearer
344,sharks
345,shark
346,away
347,grapple
348,anchor
349,overboard
350,carried
351,past
352,grabbed
353,sliding
354,curved
355,bump
356,seemed
357,year
358,tide
359,glad
360,tired
361,felt
362,getting
363,afternoon
364,diving
365,unless
366,hammer
367,heavy
368,watched
369,pounded
370,hammered
371,quicksand
372,lost
373,aboard
374,sun
375,pretty
376,low
377,pulling
378,leaving
379,towing
380,ahead
381,behind
382,night
383,blow
384,blew
385,told
386,except
387,put
388,hundred
389,dollar
390,bond
391,friends
392,mine
393,swore
394,ax
395,greeks
396,cleaned
397,safe
398,dynamite
399,knows
400,gold
401,stripped
402,nickel
403,say
404,outside
405,havana
406,hurricane
407,owners
408,captain
409,chance
410,running
411,gulf
412,tortugas
413,struck
414,maybe
415,rudder
416,steering
417,anyway
418,known
419,ordered
420,ballast
421,tanks
422,solid
423,she'd
424,beam
425,ends
426,four
427,fifty
428,passengers
429,crew
430,board
431,soon
432,minute
433,settled
434,boilers
435,burst
436,funny
437,though
438,fish
439,jewfish
440,part
441,live
442,weigh
443,three
444,pounds
445,sometime
446,we'll
447,buoy
448,missed
449,yards
450,raining
451,used
452,scudding
453,course
454,set
455,compass
456,steers
457,probably
458,ran
459,they'd
460,till
461,mexico
462,rain
463,wind
464,lived
465,scenes
466,fast
467,waters
468,rock
469,bridge
470,wonder
471,mate
472,bodies
473,float
474,belts
475,picked
476,late
477,every
478,caf�
479,old
480,leaves
481,tree
482,electric
483,daytime
484,dusty
485,dew
486,dust
487,liked
488,sit
489,deaf
490,quiet
491,difference
492,two
493,waiters
494,little
495,client
496,became
497,leave
498,without
499,paying
500,kept
501,watch
502,last
503,commit
504,suicide
505,waiter
506,despair
507,money
508,together
509,table
510,wall
511,door
512,terrace
513,tables
514,empty
515,moved
516,slightly
517,girl
518,soldier
519,shone
520,brass
521,number
522,collar
523,wore
524,covering
525,hurried
526,beside
527,guard
528,pick
529,matter
530,gets
531,better
532,minutes
533,ago
534,sitting
535,rapped
536,saucer
537,younger
538,brandy
539,stay
540,colleague
541,sleepy
542,bed
543,o'clock
544,bottle
545,counter
546,marched
547,poured
548,motioned
549,finger
550,slopped
551,stem
552,pile
553,thank
554,rope
555,niece
556,fear
557,soul
558,eighty
559,years
560,wish
561,home
562,hour
563,stays
564,likes
565,lonely
566,wife
567,ca
568,might
569,looks
570,nasty
571,always
572,drinks
573,spilling
574,regard
575,work
576,square
577,pointing
578,hurry
579,finished
580,speaking
581,omission
582,syntax
583,stupid
584,people
585,employ
586,talking
587,drunken
588,foreigners
589,tonight
590,wiped
591,towel
592,slowly
593,counted
594,saucers
595,leather
596,coin
597,purse
598,paid
599,half
600,peseta
601,tip
602,walking
603,unsteadily
604,dignity
605,drink
606,unhurried
607,asked
608,putting
609,shutters
610,half-past
611,talk
612,buy
613,agreed
614,unjust
615,usual
616,insult
617,hombre
618,joke
619,rising
620,metal
621,confidence
622,youth
623,job
624,older
625,lack
626,young
627,nonsense
628,lock
629,need
630,different
631,dressed
632,question
633,although
634,beautiful
635,reluctant
636,may
637,needs
638,bodegas
639,understand
640,pleasant
641,lighted
642,also
643,shadows
644,turning
645,continued
646,conversation
647,necessary
648,music
649,certainly
650,bar
651,provided
652,hours
653,dread
654,needed
655,certain
656,cleanness
657,order
658,nada
659,pues
660,art
661,thy
662,kingdom
663,daily
664,nadas
665,deliver
666,hail
667,thee
668,smiled
669,shining
670,steam
671,pressure
672,coffee
673,machine
674,barman
675,otro
676,loco
677,mas
678,turned
679,cup
680,bright
681,unpolished
682,answer
683,copita
684,disliked
685,bars
686,thinking
687,room
688,lie
689,finally
690,sleep
691,insomnia
692,bartender
693,reached
694,covers
695,free-lunch
696,bowls
697,beer
698,drew
699,spatula
700,wood
701,slid
702,tom
703,pushed
704,heads
705,rye
706,bowl
707,pickled
708,pig
709,wooden
710,worked
711,scissors
712,forks
713,cover
714,fork
715,watching
716,cents
717,straightened
718,uncovered
719,goddam
720,stink
721,spit
722,mouth
723,punks
724,says
725,tommy
726,listen
727,idea
728,wo
729,wrong
730,station
731,smelled
732,hides
733,tan
734,bark
735,piles
736,sawdust
737,cold
738,puddles
739,road
740,freezing
741,edges
742,whores
743,train
744,six
745,men
746,indians
747,crowded
748,hot
749,stove
750,stale
751,smoke
752,ticket
753,window
754,stagged
755,trousers
756,lumbermen
757,rubbers
758,mackinaw
759,shirt
760,others
761,cap
762,face
763,thin
764,sure
765,snickered
766,interfere
767,cook
768,holding
769,lips
770,puts
771,lemon
772,juice
773,dishwater
774,laughed
775,loud
776,whore
777,silk
778,dresses
779,colors
780,nearly
781,weighed
782,believe
783,real
784,changeable
785,bench
786,huge
787,ordinary
788,peroxide
789,blondes
790,nodded
791,quickly
792,disgusting
793,mountain
794,flesh
795,laughing
796,shaking
797,oh
798,christ
799,nice
800,voice
801,sweet
802,ones
803,acted
804,placid
805,sense
806,dignified
807,besides
808,talked
809,lumberjacks
810,listened
811,interested
812,bashful
813,ready
814,swedes
815,spoke
816,hay
817,mow
818,swear
819,anywhere
820,boys
821,ninety-six
822,sixty-nine
823,ho
824,really
825,smile
826,decent
827,friendly
828,seventeen
829,nineteen
830,call
831,alice
832,began
833,shake
834,girls
835,names
836,hazel
837,ethel
838,frances
839,wilson
840,fresh
841,wants
842,spitfire
843,regular
844,blonde
845,goddamned
846,mossbacks
847,commenced
848,laugh
849,there's
850,lads
851,bound
852,cadillac
853,sister
854,lives
855,speak
856,decently
857,steve
858,ketchel
859,ad
860,wolgast
861,shy
862,high
863,trigger
864,father
865,shot
866,yes
867,stanley
868,finest
869,tiger
870,free-est
871,spender
872,love
873,ask
874,loved
875,greatest
876,whitest
877,dog
878,coast
879,respectful
880,stagey
881,beginning
882,married
883,career
884,drawback
885,fine
886,jack
887,johnson
888,knock
889,trick
890,dinge
891,surprise
892,knocked
893,black
894,bastard
895,nigger
896,beat
897,fluke
898,fight
899,son
900,bitch
901,jumped
902,lick
903,great
904,fighter
905,lumberjack
906,hope
907,fighters
908,smooth
909,lightning
910,moving
911,pictures
912,crying
913,platform
914,husband
915,eyes
916,belong
917,care
918,body
919,belongs
920,terribly
921,sad
922,embarrassing
923,dirty
924,liar
925,layed
926,proudly
927,true
928,mancelona
929,strike
930,exactly
931,complacently
932,lovely
933,piece
934,truly
935,jesus
936,mary
937,happily
938,whether
939,calm
940,impossible
941,declared
942,remember
943,dried
944,hot-water
945,pus
946,memories
947,tubes
948,c
949,read
950,papers
951,wonderful
952,prettiest
953,skin
954,women
955,good-bye
956,days
957,distances
958,dirt
959,hills
960,kansas
961,city
962,constantinople
963,believes
964,snowing
965,automobile
966,dealer
967,show
968,early
969,racing
970,motor
971,car
972,entirely
973,silver
974,dans
975,argent
976,lettered
977,hood
978,believed
979,mean
980,dance
981,dancer
982,puzzled
983,meant
984,happy
985,pleased
986,knowledge
987,foreign
988,language
989,snow
990,woolf
991,brothers
992,saloon
993,christmas
994,thanksgiving
995,free
996,turkey
997,dinner
998,served
999,hospital
1000,hill
1001,overlooked
1002,buildings
1003,streets
1004,reception
1005,ambulance
1006,surgeons
1007,doc
1008,fischer
1009,wilcox
1010,desk
1011,chair
1012,sand-blond
1013,amused
1014,short
1015,indexed
1016,book
1017,friend
1018,guide
1019,consulted
1020,given
1021,subject
1022,symptoms
1023,treatment
1024,cross-indexed
1025,gave
1026,diagnoses
1027,suggested
1028,future
1029,editions
1030,treatments
1031,reveal
1032,ailments
1033,aid
1034,memory
1035,sensitive
1036,limp
1037,fitted
1038,coat
1039,bought
1040,advice
1041,professors
1042,business
1043,physician
1044,done
1045,power
1046,prevent
1047,certified
1048,since
1049,member
1050,learned
1051,profession
1052,advise
1053,humanity
1054,obtain
1055,copy
1056,learn
1057,leather-bound
1058,horace
1059,receiving
1060,smelt
1061,cigarettes
1062,iodoform
1063,carbolic
1064,over-heated
1065,radiator
1066,news
1067,rialto
1068,affected
1069,extravagance
1070,speech
1071,utmost
1072,elegance
1073,answered
1074,partook
1075,copiously
1076,confr鑢es
1077,present
1078,staff
1079,yuletide
1080,cheer
1081,partaken
1082,thanks
1083,mind
1084,calling
1085,extremely
1086,interesting
1087,case
1088,lad
1089,yesterday
1090,sought
1091,eunuch-hood
1092,boy
1093,sixteen
1094,hat
1095,excited
1096,frightened
1097,determined
1098,curly
1099,haired
1100,built
1101,prominent
1102,castrated
1103,prayed
1104,helps
1105,awful
1106,lust
1107,pray
1108,happens
1109,supposed
1110,sin
1111,purity
1112,lord
1113,saviour
1114,later
1115,fortunate
1116,please
1117,fool
1118,castrate
1119,religious
1120,complain
1121,sinful
1122,state
1123,means
1124,consummating
1125,sacrament
1126,happening
1127,constant
1128,hear
1129,touch
1130,happened
1131,morning
1132,received
1133,self-mutilated
1134,razor
1135,die
1136,loss
1137,blood
1138,unable
1139,emergency
1140,listed
1141,friendliest
1142,willingness
1143,oblige
1144,respect
1145,federal
1146,statutes
1147,trouble
1148,bear
1149,amputation
1150,performed
1151,ride
1152,anniversary
1153,saviour's
1154,birth
1155,ai
1156,jew
1157,slipping
1158,proper
1159,importance
1160,remind
1161,undoubtedly
1162,palm
1163,sunday
1164,damned
1165,smart
1166,excellent
1167,diagnosis
1168,avoid
1169,tendency
1170,sometimes
1171,gleam
1172,visit
1173,small
1174,peek
1175,almost
1176,brought
1177,times
1178,significance
1179,particular
1180,important
1181,discovered
1182,vulnerable
1183,point
1184,achilles
1185,tendon
1186,pursues
1187,advantage
1188,corner
1189,summer
1190,tanned
1191,paris
1192,tweed
1193,suit
1194,golden
1195,brown
1196,grew
1197,beautifully
1198,forehead
1199,slim
1200,gotten
1201,jam
1202,seems
1203,poor
1204,phil
1205,sorry
1206,rather
1207,proves
1208,makes
1209,worse
1210,especially
1211,worry
1212,trust
1213,seem
1214,pretend
1215,suppose
1216,rot
1217,prove
1218,polite
1219,breaks
1220,heart
1221,jacket
1222,handsome
1223,couples
1224,new
1225,form
1226,horse
1227,send
1228,sir
1229,orders
1230,forgive
1231,understanding
1232,vice
1233,monster
1234,fearful
1235,mien
1236,bitterly
1237,embrace
1238,words
1239,can't
1240,quote
1241,perversion
1242,james
1243,clients
1244,addressed
1245,fatter
1246,terrible
1247,neglect
1248,insert
1249,towards
1250,comfortable
1251,direction
1252,necessity
1253,word
1254,sorts
1255,explains
1256,sounded
1257,strange
1258,curve
1259,cheek
1260,bones
1261,ear
1262,neck
1263,seriously
1264,dry
1265,checks
1266,quite
1267,mirror
1268,attack
1269,field
1270,machine-gun
1271,fire
1272,sunken
1273,group
1274,farm
1275,houses
1276,encountered
1277,resistance
1278,river
1279,bicycle
1280,push
1281,surface
1282,broken
1283,nicholas
1284,adams
1285,position
1286,alone
1287,clumps
1288,grass
1289,pockets
1290,flies
1291,scattered
1292,grain
1293,places
1294,material
1295,kitchen
1296,calf-skin-covered
1297,haversacks
1298,stick
1299,bombs
1300,helmets
1301,rifles
1302,butt
1303,bayonet
1304,stuck
1305,dug
1306,intrenching
1307,tools
1308,ammunition
1309,boxes
1310,star-shell
1311,pistols
1312,shells
1313,medical
1314,kits
1315,gas
1316,masks
1317,gas-mask
1318,cans
1319,squat
1320,tripodded
1321,gun
1322,nest
1323,protruding
1324,water-cooling
1325,breech
1326,block
1327,odd
1328,positions
1329,typical
1330,mass
1331,prayer
1332,books
1333,postcards
1334,showing
1335,unit
1336,ranked
1337,ruddy
1338,cheerfulness
1339,football
1340,picture
1341,college
1342,annual
1343,humped
1344,swollen
1345,propaganda
1346,austrian
1347,uniform
1348,bending
1349,backward
1350,figures
1351,impressionistically
1352,drawn
1353,attractively
1354,depicted
1355,common
1356,actual
1357,rape
1358,skirts
1359,smother
1360,comrade
1361,upon
1362,inciting
1363,cards
1364,evidently
1365,issued
1366,offensive
1367,smutty
1368,photographic
1369,photographs
1370,village
1371,photographers
1372,occasional
1373,children
1374,paper
1375,d閎ris
1376,exception
1377,bothered
1378,surprisingly
1379,nick
1380,noticed
1381,coats
1382,showed
1383,manner
1384,skill
1385,weather
1386,alike
1387,regardless
1388,nationality
1389,defended
1390,line
1391,austrians
1392,fall
1393,shelling
1394,rubble
1395,plaster
1396,mortar
1397,beams
1398,tiles
1399,yellow-edged
1400,mustard
1401,shell
1402,shrapnel
1403,balls
1404,fornaci
1405,riding
1406,over-foliaged
1407,country
1408,guns
1409,hidden
1410,screens
1411,mulberry
1412,noticing
1413,heatwaves
1414,surprised
1415,deserted
1416,beneath
1417,space
1418,opposite
1419,whitened
1420,sun-baked
1421,mud
1422,lush
1423,over-green
1424,becoming
1425,historical
1426,lower
1427,battalion
1428,series
1429,posted
1430,signal
1431,rockets
1432,racks
1433,sleeping
1434,challenged
1435,lieutenant
1436,stubble
1437,beard
1438,red-rimmed
1439,blood-shot
1440,pointed
1441,pistol
1442,tessera
1443,photograph
1444,identification
1445,seal
1446,third
1447,army
1448,keep
1449,card
1450,holster
1451,tells
1452,false
1453,cheerfully
1454,company
1455,commander
1456,headquarters
1457,paravicini
1458,tall
1459,mustache
1460,architect
1461,speaks
1462,english
1463,command
1464,commanding
1465,relieved
1466,para
1467,wrecked
1468,officer
1469,bombardment
1470,tightness
1471,sound
1472,nervous
1473,spy
1474,shoot
1475,acting
1476,major
1477,thinner
1478,rose
1479,saluted
1480,dugout
1481,hello
1482,nicolo
1483,map
1484,extraordinary
1485,altogether
1486,attached
1487,regiment
1488,move
1489,american
1490,corporal
1491,tour
1492,lines
1493,bloody
1494,politician
1495,distinguished
1496,civilian
1497,homburg
1498,furry
1499,fedora
1500,postal
1501,musette
1502,chocolate
1503,distribute
1504,pat
1505,circulate
1506,appearance
1507,heartening
1508,troops
1509,feel
1510,badly
1511,principle
1512,yellowed
1513,teeth
1514,expression
1515,grappa
1516,ether
1517,taste
1518,remembered
1519,suddenly
1520,completely
1521,camions
1522,stinking
1523,upset
1524,frightfully
1525,thirsty
1526,braver
1527,prefer
1528,ashamed
1529,rode
1530,mestre
1531,portogrande
1532,blanket
1533,chin
1534,nap
1535,yet
1536,perfectly
1537,trepanned
1538,absorb
1539,top-hole
1540,shape
1541,nuisance
1542,nutty
1543,heat
1544,silly
1545,bunk
1546,disappointed
1547,obvious
1548,large
1549,platoon
1550,class
1551,1899
1552,front
1553,hysterics
1554,walk
1555,happen
1556,wearing
1557,strap
1558,knowing
1559,five-twenty
1560,bugger
1561,kick
1562,ass
1563,scoop
1564,sergeant
1565,bail
1566,tone
1567,valuable
1568,savoia
1569,cave-in
1570,caved
1571,slope
1572,teleferica
1573,house
1574,burned
1575,wounded
1576,gaby
1577,delys
1578,oddly
1579,feathers
1580,called
1581,baby
1582,doll
1583,tadada
1584,harry
1585,pilcer
1586,step
1587,taxis
1588,steep
1589,dreamed
1590,sacr�
1591,coeur
1592,soap
1593,bubble
1594,nights
1595,wider
1596,stiller
1597,fossalta
1598,painted
1599,yellow
1600,willows
1601,stable
1602,canal
1603,thousand
1604,quietly
1605,banks
1606,wallowing
1607,flooded
1608,ground
1609,fell
1610,mixed
1611,follow
1612,detail
1613,straight
1614,confused
1615,reason
1616,earlier
1617,driver
1618,rid
1619,width
1620,peril
1621,wake
1622,soaking
1623,wet
1624,swung
1625,legs
1626,carefully
1627,stiffened
1628,returned
1629,stares
1630,adjutant
1631,signallers
1632,runners
1633,cloth-covered
1634,trench
1635,helmet
1636,regret
1637,absence
1638,postal-cards
1639,however
1640,commissioned
1641,correct
1642,gives
1643,several
1644,millions
1645,americans
1646,shortly
1647,absolutely
1648,healthy
1649,hearts
1650,scared
1651,faithful
1652,crabs
1653,chaps
1654,italian
1655,spagnolini
1656,north
1657,south
1658,medals
1659,ribbons
1660,baggage
1661,purchase
1662,milan
1663,veteran
1664,iritrea
1665,campaign
1666,stiffly
1667,fought
1668,tripoli
1669,carso
1670,war
1671,age
1672,limit
1673,reformed
1674,demonstrating
1675,significant
1676,untold
1677,swarming
1678,locusts
1679,grasshopper
1680,america
1681,locust
1682,green
1683,comparatively
1684,feeble
1685,confusion
1686,seven-year
1687,cicada
1688,emits
1689,peculiar
1690,sustained
1691,moment
1692,recall
1693,pardon
1694,various
1695,scars
1696,grasshoppers
1697,insects
1698,played
1699,interest
1700,motion
1701,runner
1702,fix
1703,rank
1704,consul
1705,stare
1706,preferred
1707,medium-brown
1708,best
1709,larger
1710,fly
1711,somewhat
1712,similar
1713,produced
1714,rattlesnake
1715,rattling
1716,rattlers
1717,vivid
1718,colored
1719,wings
1720,red
1721,barred
1722,blowsy
1723,bait
1724,plump
1725,compact
1726,succulent
1727,hopper
1728,recommend
1729,encounter
1730,insist
1731,gather
1732,sufficient
1733,supply
1734,fishing
1735,pursuing
1736,sheer
1737,useless
1738,waste
1739,repeat
1740,nowhere
1741,procedure
1742,taught
1743,officers
1744,small-arms
1745,employment
1746,seine
1747,net
1748,mosquito
1749,netting
1750,alternate
1751,stoop
1752,extremity
1753,run
1754,hoppers
1755,imprisoned
1756,folds
1757,catch
1758,quantity
1759,indeed
1760,opinion
1761,suitable
1762,improvisation
1763,seines
1764,questions
1765,none
1766,note
1767,gentleman
1768,henry
1769,either
1770,govern
1771,governed
1772,good-day
1773,removed
1774,stooping
1775,entrance
1776,accompanied
1777,system
1778,wetting
1779,wear
1780,bald
1781,comfort
1782,brains
1783,supplies
1784,giving
1785,invites
1786,brigade
1787,zenzon
1788,san
1789,dona
1790,circulating
1791,purpose
1792,naturally
1793,write
1794,gently
1795,strength
1796,bury
1797,seeing
1798,concerned
1799,sick
1800,sights
1801,rifle
1802,calmly
1803,squeezing
1804,flash
1805,clublike
1806,impact
1807,knees
1808,hot-sweet
1809,coughing
1810,bring
1811,easy
1812,mark
1813,ciaou
1814,shady
1815,passed
1816,beyond
1817,sides
1818,shelled
1819,stretch
1820,marching
1821,terza
1822,cavalry
1823,lances
1824,horses
1825,plumes
1826,somewhere
1827,lose
1828,died
1829,kid
1830,manager
1831,buried
1832,perpetually
1833,plot
1834,permanently
1835,sweethearts
1836,spain
1837,notice
1838,arrangements
1839,continuing
1840,grave
1841,twenty
1842,perpetual
1843,cash
1844,box
1845,attend
1846,paco
1847,spending
1848,sooner
1849,contract
1850,fights
1851,pesos
1852,benefit
1853,fifteen
1854,capital
1855,payment
1856,following
1857,saturday
1858,mother's
1859,remains
1860,dumped
1861,boneheap
1862,attended
1863,response
1864,final
1865,warning
1866,public
1867,pay
1868,sent
1869,deserve
1870,dearer
1871,flowers
1872,effect
1873,owed
1874,trusting
1875,accounts
1876,authorized
1877,account
1878,quick
1879,seven
1880,suits
1881,packed
1882,ruined
1883,trip
1884,season
1885,spend
1886,spoiled
1887,salt
1888,owe
1889,punk
1890,paesano
1891,generous
1892,matador
1893,townsman
1894,distress
1895,angry
1896,drove
1897,quarrel
1898,driving
1899,motherless
1900,offer
1901,peso
1902,evening
1903,callao
1904,cinema
1905,gran
1906,via
1907,madrid
1908,roger
1909,worst
1910,spanish
1911,vanity
1912,meet
1913,bedroom
1914,newspaper
1915,folded
1916,stopping
1917,falling
1918,melting
1919,roof
1920,wrote
1921,letter
1922,writing
1923,steadily
1924,cross
1925,rewrite
1926,roanoke
1927,virginia
1928,february
1929,6
1930,1933
1931,dear
1932,decision
1933,dare
1934,parents
1935,confide
1936,situation
1937,u
1938,service
1939,1929
1940,china
1941,shanghai
1942,staid
1943,discharged
1944,months
1945,helena
1946,arkansas
1947,taking
1948,injections
1949,treated
1950,spell
1951,sifilus
1952,contact
1953,return
1954,assures
1955,k
1956,finishes
1957,often
1958,become
1959,victim
1960,malady
1961,daughter
1962,born
1963,thanking
1964,wholly
1965,signed
1966,wherever
1967,portrait
1968,mr
1969,wheeler
1970,montreux
1971,warm
1972,wiping
1973,baskets
1974,pretzels
1975,glazed
1976,sacks
1977,chairs
1978,carved
1979,seats
1980,worn
1981,clock
1982,porters
1983,drinking
1984,porter
1985,simplon-orient
1986,express
1987,saint
1988,maurice
1989,waitress
1990,awake
1991,languages
1992,german
1993,french
1994,dialects
1995,permitted
1996,cigar
1997,drank
1998,lit
1999,cigarette
2000,fr鋟lein
2001,joking
2002,argue
2003,comes
2004,forty
2005,upstairs
2006,francs
2007,policeman
2008,sell
2009,mademoiselle
2010,sion
2011,deal
2012,losing
2013,interestedly
2014,hateful
2015,pretended
2016,swiss
2017,bags
2018,charge
2019,eight
2020,followed
2021,au
2022,revoir
2023,he's
2024,ugly
2025,cement
2026,rails
2027,headlight
2028,inexpensive
2029,sport
2030,spent
2031,actually
2032,aside
2033,franc
2034,seventy-five
2035,centimes
2036,careful
2037,chances
2038,ii
2039,talks
2040,vevey
2041,shiny
2042,striped
2043,cloths
2044,blue
2045,zinc
2046,habit
2047,marked
2048,quarter
2049,ten
2050,due
2051,ten-thirty
2052,eleven-thirty
2053,signorina
2054,play
2055,blushed
2056,violent
2057,party
2058,duty
2059,substitute
2060,civil
2061,person
2062,berlitz
2063,school
2064,undergraduates
2065,wild
2066,lot
2067,necking
2068,petting
2069,smoothies
2070,scott
2071,fitzgerald
2072,happiest
2073,team
2074,feebly
2075,awfully
2076,list
2077,walked
2078,wollen
2079,sie
2080,trinken
2081,oui
2082,monsieur
2083,connais
2084,vous
2085,des
2086,champagnes
2087,non
2088,faut
2089,les
2090,conna顃re
2091,champagne
2092,laquelle
2093,est
2094,le
2095,meillieur
2096,spoken
2097,pair
2098,gold-rimmed
2099,glasses
2100,typewritten
2101,prices
2102,sportsman
2103,agree
2104,personally
2105,i've
2106,price
2107,eleven
2108,sportsmen
2109,folding
2110,spectacles
2111,birthday
2112,f阾e
2113,decided
2114,divorce
2115,doubtless
2116,experience
2117,dentist
2118,unwell
2119,understandable
2120,oldest
2121,divorced
2122,stopped
2123,clowning
2124,practically
2125,confirmed
2126,retard
2127,thirty-five
2128,mais
2129,阾es
2130,encore
2131,jeune
2132,explained
2133,n'a
2134,que
2135,trente-cinq
2136,ans
2137,expensive
2138,cheap
2139,marry
2140,idiotic
2141,filled
2142,raised
2143,prosit
2144,votre
2145,sant�
2146,salut
2147,tasted
2148,pink
2149,cider
2150,respond
2151,cultivated
2152,la
2153,suisse
2154,romande
2155,ah
2156,c'est
2157,normale
2158,et
2159,莂
2160,va
2161,pour
2162,moi
2163,鏰
2164,ne
2165,pas
2166,ha
2167,exhausted
2168,troubles
2169,amusement
2170,writer
2171,quarters
2172,muffler
2173,heavily
2174,filling
2175,unopened
2176,apiece
2177,blunt
2178,blunted
2179,iii
2180,territet
2181,polishing
2182,cardboard
2183,pads
2184,moist
2185,reading
2186,harris
2187,sugar
2188,crunched
2189,lumps
2190,spoon
2191,david
2192,belasco
2193,backwards
2194,excuse
2195,beg
2196,intrude
2197,occurred
2198,national
2199,geographic
2200,society
2201,liqueur
2202,kirsch
2203,perhaps
2204,pocketbook
2205,wide
2206,rubber
2207,band
2208,selected
2209,handed
2210,certificate
2211,membership
2212,frederick
2213,j
2214,roussel
2215,afraid
2216,states
2217,washington
2218,observe
2219,nominated
2220,nomination
2221,magazine
2222,plates
2223,fauna
2224,containing
2225,panorama
2226,volcanoes
2227,alaska
2228,enjoyed
2229,animal
2230,george
2231,shiras
2232,imagine
2233,wondered
2234,h
2235,family
2236,sahara
2237,desert
2238,favorites
2239,newer
2240,numbers
2241,fond
2242,artistic
2243,value
2244,exceeded
2245,scientific
2246,blowing
2247,arab
2248,camel
2249,mecca
2250,colonel
2251,lawrence's
2252,lawrence
2253,deals
2254,arabia
2255,reminded
2256,royal
2257,force
2258,nominate
2259,scientist
2260,lauzanne
2261,elected
2262,splendid
2263,university
2264,active
2265,longer
2266,sail
2267,havre
2268,meeting
2269,science
2270,initials
2271,e
2272,instead
2273,dr
2274,sigismund
2275,wyer
2276,ph
2277,ill
2278,shivering
2279,ached
2280,schatz
2281,headache
2282,downstairs
2283,miserable
2284,nine
2285,fever
2286,temperature
2287,medicines
2288,capsules
2289,instructions
2290,purgative
2291,overcome
2292,acid
2293,condition
2294,germs
2295,influenza
2296,exist
2297,degrees
2298,epidemic
2299,flu
2300,danger
2301,avoided
2302,pneumonia
2303,areas
2304,detached
2305,aloud
2306,howard
2307,pyle
2308,pirates
2309,foot
2310,waited
2311,capsule
2312,strangely
2313,medicine
2314,papa
2315,bothers
2316,bother
2317,lightheaded
2318,prescribed
2319,covered
2320,sleet
2321,frozen
2322,bushes
2323,brush
2324,varnished
2325,ice
2326,irish
2327,setter
2328,creek
2329,difficult
2330,glassy
2331,slithered
2332,dropping
2333,slide
2334,flushed
2335,covey
2336,quail
2337,clay
2338,overhanging
2339,jump
2340,ice-coated
2341,mounds
2342,flush
2343,poised
2344,icy
2345,springy
2346,shooting
2347,refused
2348,white-faced
2349,tops
2350,cheeks
2351,staring
2352,stared
2353,tenths
2354,pirate
2355,france
2356,forty-four
2357,miles
2358,kilometers
2359,thermometer
2360,thirty-seven
2361,normal
2362,ninety-eight
2363,seventy
2364,gaze
2365,relaxed
2366,next
2367,slack
2368,cried
2369,easily
2370,1
2371,omitted
2372,observations
2373,naturalist
2374,charming
2375,flora
2376,patagonia
2377,w
2378,hudson
2379,reverend
2380,gilbert
2381,written
2382,interestingly
2383,hoopoe
2384,visits
2385,selborne
2386,bishop
2387,popular
2388,familiar
2389,furnish
2390,rational
2391,facts
2392,persevering
2393,traveller
2394,mungo
2395,park
2396,period
2397,fainting
2398,vast
2399,wilderness
2400,african
2401,naked
2402,considering
2403,numbered
2404,appearing
2405,remain
2406,moss-flower
2407,beauty
2408,caught
2409,eye
2410,plant
2411,contemplate
2412,delicate
2413,conformation
2414,roots
2415,admiration
2416,planted
2417,watered
2418,perfection
2419,obscure
2420,appears
2421,unconcern
2422,suffering
2423,creatures
2424,formed
2425,image
2426,surely
2427,reflections
2428,allow
2429,disregarding
2430,hunger
2431,fatigue
2432,travelled
2433,assured
2434,relief
2435,disposition
2436,adore
2437,branch
2438,studied
2439,increasing
2440,faith
2441,journey
2442,therefore
2443,inspiration
2444,derive
2445,usually
2446,male
2447,human
2448,species
2449,animals
2450,frequently
2451,mares
2452,among
2453,aspect
2454,opportunity
2455,mules
2456,observation
2457,mule
2458,begun
2459,entertain
2460,doubts
2461,mortal
2462,rare
2463,occasions
2464,approach
2465,proved
2466,living
2467,quality
2468,complete
2469,repose
2470,succumb
2471,less
2472,hardy
2473,roads
2474,declivities
2475,whence
2476,encumbrance
2477,fitting
2478,mountains
2479,accustomed
2480,presence
2481,incongruous
2482,smyrna
2483,quay
2484,shallow
2485,drown
2486,broken-legged
2487,drowning
2488,goya
2489,depict
2490,literally
2491,doubtful
2492,able
2493,pictorial
2494,representation
2495,plight
2496,likely
2497,articulate
2498,alleviate
2499,regarding
2500,sex
2501,fact
2502,becomes
2503,shocking
2504,inversion
2505,explosion
2506,munition
2507,factory
2508,situated
2509,countryside
2510,italy
2511,scene
2512,disaster
2513,trucks
2514,poplar-shaded
2515,bordered
2516,ditches
2517,clearly
2518,arriving
2519,patrolling
2520,stocks
2521,munitions
2522,exploded
2523,extinguishing
2524,adjacent
2525,task
2526,concluded
2527,search
2528,immediate
2529,vicinity
2530,surrounding
2531,fields
2532,improvised
2533,mortuary
2534,admit
2535,frankly
2536,shock
2537,europe
2538,disturbing
2539,unaccustomed
2540,searched
2541,thoroughly
2542,collected
2543,fragments
2544,barbed-wire
2545,fence
2546,surrounded
2547,existent
2548,portions
2549,bits
2550,illustrated
2551,tremendous
2552,energy
2553,explosive
2554,considerable
2555,distance
2556,farther
2557,weight
2558,discussing
2559,occurrence
2560,agreeing
2561,unreality
2562,rob
2563,horror
2564,greater
2565,consequence
2566,unpleasant
2567,possible
2568,carry
2569,battlefield
2570,lombard
2571,compensation
2572,unpleasantness
2573,exchanged
2574,impressions
2575,arrived
2576,control
2577,rapidly
2578,attained
2579,seemingly
2580,unexploded
2581,picking
2582,amazing
2583,anatomical
2584,divided
2585,capriciously
2586,fragmentation
2587,accuracy
2588,confine
2589,limited
2590,june
2591,1918
2592,withdrawal
2593,forced
2594,advance
2595,recover
2596,battle
2597,color
2598,caucasian
2599,races
2600,yellow-green
2601,resemble
2602,coal-tar
2603,torn
2604,visible
2605,tarlike
2606,iridescence
2607,grow
2608,uniforms
2609,individual
2610,members
2611,increase
2612,girth
2613,unbelievable
2614,extent
2615,faces
2616,fill
2617,taut
2618,globular
2619,balloons
2620,surprising
2621,progressive
2622,corpulence
2623,amount
2624,ultimate
2625,burial
2626,depends
2627,location
2628,breeches
2629,consequently
2630,hip
2631,contained
2632,indicative
2633,retains
2634,smell
2635,sensation
2636,recalled
2637,wonders
2638,restore
2639,poppies
2640,wheat
2641,july
2642,leaf
2643,waves
2644,rise
2645,barrels
2646,earth
2647,average
2648,finer
2649,travellers
2650,thoughts
2651,wound
2652,rabbit
2653,wounds
2654,rabbits
2655,cats
2656,skull
2657,iron
2658,brain
2659,alive
2660,crawl
2661,coal
2662,bin
2663,bullet
2664,death
2665,blamed
2666,absent
2667,mucus
2668,patient
2669,turns
2670,child
2671,manly
2672,fills
2673,sheets
2674,diaper
2675,cataract
2676,flows
2677,dribbles
2678,self-called
2679,humanist
2680,2
2681,literary
2682,sect
2683,noble
2684,exits
2685,musings
2686,decorum
2687,indecorous
2688,race
2689,procreation
2690,highly
2691,decorous
2692,cohabitation
2693,finish
2694,speculate
2695,worms
2696,preserved
2697,sterility
2698,quaint
2699,pamphlets
2700,bust
2701,foot-notes
2702,legitimate
2703,self-designated
2704,citizens
2705,designation
2706,unfair
2707,choice
2708,owned
2709,magazines
2710,review
2711,half-pint
2712,maggots
2713,working
2714,mouths
2715,washed
2716,soft
2717,winter
2718,melted
2719,spring
2720,burying
2721,grounds
2722,pocol
2723,general
2724,sniper
2725,writers
2726,mistaken
2727,generals
2728,alpini
2729,eagle
2730,feather
2731,fist
2732,von
2733,behr
2734,commanded
2735,bavarian
2736,alpenkorps
2737,caporetto
2738,rearguard
2739,udine
2740,titles
2741,dressing
2742,protected
2743,cave
2744,mountainside
2745,froze
2746,whose
2747,flower-pot
2748,membranes
2749,skillfully
2750,applied
2751,bandage
2752,soaked
2753,hardened
2754,structure
2755,disturbed
2756,steel
2757,stretcher-bearers
2758,breathing
2759,lids
2760,tear
2761,flashlight
2762,etching
2763,permission
2764,busy
2765,overdose
2766,morphine
2767,artillery
2768,operate
2769,already
2770,doctors
2771,waving
2772,forceps
2773,lucky
2774,evacuated
2775,rub
2776,onions
2777,insults
2778,humane
2779,suffer
2780,assume
2781,responsibility
2782,report
2783,curing
2784,post
2785,cable
2786,railway
2787,superior
2788,courtesy
2789,soldiers
2790,needle
2791,f
2792,tossed
2793,iodine
2794,blinded
2795,fumbled
2796,skipped
2797,tripped
2798,kicked
2799,gloves
2800,boss
2801,forgiven
2802,wipe
2803,alcohol
2804,basin
2805,delirious
2806,dead-house
2807,dispute
2808,ayee
2809,screamed
2810,pain
2811,story
2812,technical
2813,sold
2814,offered
2815,sale
2816,3.50
2817,reprinted
2818,caring
2819,appreciable
2820,sum
2821,indulgence
2822,requested
2823,mention
2824,extinct
2825,phenomenon
2826,reference
2827,references
2828,fashions
2829,dates
2830,retained
2831,mild
2832,spoil
2833,rhythm
2834,valley
2835,grain-fields
2836,cars
2837,passing
2838,baking
2839,shade
2840,fontan
2841,porch
2842,madame
2843,cellar
2844,motor-car
2845,main
2846,gate
2847,bottles
2848,sam
2849,screen
2850,mines
2851,jerked
2852,starting
2853,whirled
2854,occasionally
2855,constructions
2856,il
2857,fait
2858,de
2859,vendange
2860,vin
2861,j'aime
2862,bi鑢e
2863,complexion
2864,neat
2865,lens
2866,eat
2867,hotel
2868,mangez
2869,ici
2870,manger
2871,�
2872,l'h魌el
2873,ou
2874,restaurant
2875,ate
2876,pork
2877,raw
2878,cooked
2879,mon
2880,fils
2881,mari�
2882,avec
2883,une
2884,am閞icaine
2885,tout
2886,temps
2887,mang�
2888,beans
2889,en
2890,weighs
2891,twenty-five
2892,reads
2893,rien
2894,elle
2895,fat
2896,works
2897,ranch
2898,owns
2899,anybody
2900,feeds
2901,thinks
2902,goes
2903,oil-fields
2904,brings
2905,indienne
2906,eighty-five
2907,indian
2908,sonofabitsh
2909,dining-room
2910,tablecloth
2911,grapes
2912,andr�
2913,today
2914,mine-tired
2915,drooping
2916,gray
2917,centre
2918,saint-etienne
2919,un
2920,roman
2921,pa
2922,fourteen
2923,crouch
2924,breaking
2925,changed
2926,revenir
2927,suite
2928,apr鑣
2929,cooling
2930,cool
2931,breeze
2932,eaten
2933,helpings
2934,chicken
2935,fried
2936,potatoes
2937,corn
2938,sliced
2939,cucumbers
2940,salad
2941,kek
2942,du
2943,fromage
2944,crimcheez
2945,n'avez
2946,j'ai
2947,rudement
2948,bien
2949,save
2950,book-factory
2951,hungry
2952,comprend
2953,閏rivain
2954,slang
2955,songs
2956,military
2957,1890
2958,je
2959,vais
2960,chercher
2961,stairs
2962,tolerant
2963,worldly
2964,hunting
2965,labor
2966,truck
2967,monde
2968,all�
2969,nous
2970,sommes
2971,partis
2972,dimanche
2973,charley
2974,bu
2975,avait
2976,aussi
2977,fran鏰is
2978,qui
2979,apport�
2980,l'absinthe
2981,californie
2982,avons
2983,chant�
2984,farmer
2985,awhile
2986,italians
2987,sung
2988,song
2989,tr鑣
2990,peu
2991,sing
2992,savez
2993,toutes
2994,femmes
2995,dort
2996,hommes
2997,c魌�
2998,feu
2999,tomorrow
3000,lendemain
3001,reste
3002,p阠h�
3003,s閞ieusement
3004,trout
3005,half-pound
3006,ounce
3007,size
3008,mange
3009,d'antan
3010,maintenant
3011,trop
3012,polack
3013,quand
3014,j'閠ais
3015,petite
3016,m鑢e
3017,m'a
3018,dit
3019,comme
3020,polacks
3021,n'ai
3022,jamais
3023,compris
3024,ce
3025,qu'un
3026,am閞ique
3027,comprends
3028,ils
3029,sont
3030,sales
3031,meilleur
3032,chasse
3033,p阠he
3034,qu'est-ce
3035,avez
3036,fusil
3037,twelve-gauge
3038,pump
3039,bon
3040,veux
3041,aller
3042,moi-m阭e
3043,tu
3044,peux
3045,sauvages
3046,veulent
3047,shooter
3048,uns
3049,autres
3050,seul
3051,shrill
3052,shrilly
3053,rats
3054,d'eau
3055,muskrats
3056,twenty-two-calibre
3057,cupboard
3058,shrilled
3059,desperately
3060,beaucoup
3061,they're
3062,savages
3063,peut
3064,looker
3065,mal
3066,bigger
3067,jack-rabbits
3068,jack-rabbit
3069,bit
3070,vrai
3071,tu�
3072,supper
3073,library
3074,frank
3075,gunboat
3076,aime
3077,steal
3078,maladie
3079,churches
3080,seulement
3081,catholiques
3082,protestants
3083,venu
3084,disais
3085,cousin
3086,阾re
3087,catholique
3088,law
3089,heh
3090,n'est
3091,changer
3092,sa
3093,religion
3094,schmidt
3095,sait
3096,crois
3097,church
3098,knives
3099,that's
3100,mused
3101,marie
3102,soif
3103,creaking
3104,pays
3105,canards
3106,bonne
3107,gibier
3108,l�-bas
3109,president
3110,mrs
3111,santa
3112,claus
3113,rosy-faced
3114,white-haired
3115,waddling
3116,furrowed
3117,peaks
3118,glacier
3119,pure
3120,unreal
3121,joli
3122,neige
3123,fifty-five
3124,fines
3125,arrested
3126,police
3127,governments
3128,washing
3129,jail
3130,personne
3131,crime
3132,litre
3133,lots
3134,wicked
3135,ain't
3136,brewery
3137,hops
3138,carts
3139,n'aime
3140,houblons
3141,we'd
3142,sauce
3143,butter
3144,mushrooms
3145,onion
3146,meilleure
3147,pommes
3148,terre
3149,saucisson
3150,whiskey
3151,femme
3152,vomis
3153,sur
3154,comment
3155,ses
3156,shoes
3157,afterward
3158,locked
3159,winter-time
3160,hey
3161,moonshine
3162,malade
3163,all-right
3164,cabinet
3165,fellows
3166,cochon
3167,delicately
3168,hesitating
3169,strong
3170,mot
3171,fort
3172,apologized
3173,vomir
3174,sadly
3175,cochons
3176,salauds
3177,grossness
3178,distasteful
3179,gens
3180,gentils
3181,sensibles
3182,viennent
3183,fellas
3184,lets
3185,pyjamas
3186,maria
3187,sake
3188,sits
3189,original
3190,vraiment
3191,gentil
3192,fella
3193,crow
3194,reservation
3195,opening
3196,prairie-chicken
3197,count
3198,shooting-trip
3199,lunch
3200,patch
3201,sandwiches
3202,crackers
3203,sandwich
3204,prairie-dog
3205,prairie-dogs
3206,bullets
3207,glanced
3208,rocks
3209,watercourse
3210,stray
3211,down-hill
3212,outlying
3213,ending
3214,sun-melted
3215,brightly
3216,sunburned
3217,blistered
3218,alkali
3219,cooler
3220,telegrams
3221,tire
3222,stone
3223,vulcanizing
3224,supper-time
3225,piled
3226,shame
3227,asleep
3228,packing
3229,good-by
3230,fontans
3231,expected
3232,larry
3233,intended
3234,faster
3235,frame
3236,tin
3237,sloppy
3238,doors
3239,desperate
3240,stored
3241,sickish
3242,digging
3243,yard
3244,wheels
3245,ford
3246,half-way
3247,dig
3248,seize
3249,incoherent
3250,crushed
3251,happiness
3252,luck
3253,disgraced
3254,tears
3255,doorway
3256,waved
3257,gravelled
3258,foot-hills
3259,commencing
3260,climb
3261,soil
3262,sage
3263,grouse
3264,dusting
3265,flew
3266,beating
3267,sailing
3268,slants
3269,hillside
3270,european
3271,partridges
3272,midnight
3273,corridor
3274,russian
3275,frazer
3276,nurse
3277,thigh
3278,abdomen
3279,beet
3280,workers
3281,mexican
3282,all-night
3283,crawled
3284,fired
3285,accident
3286,shots
3287,si
3288,se駉r
3289,named
3290,cayetano
3291,ruiz
3292,cabron
3293,interpreter
3294,detective
3295,truth
3296,na
3297,telling
3298,confidently
3299,spinning
3300,cayetano's
3301,projected
3302,waxen
3303,dead-man
3304,hawk
3305,damn
3306,punished
3307,mandarlo
3308,al
3309,carajo
3310,enveloped
3311,arms
3312,cries
3313,chicago
3314,gangster
3315,act
3316,shoots
3317,reliable
3318,amigo
3319,hailey
3320,montana
3321,bandit
3322,softly
3323,ya
3324,lo
3325,creo
3326,honor
3327,denounce
3328,assailant
3329,translators
3330,leg
3331,weak
3332,roll
3333,wishes
3334,chrisake
3335,notebook
3336,wheeled
3337,sore
3338,spik
3339,fun
3340,asking
3341,guess
3342,spliced
3343,bone
3344,cecilia
3345,uncomplaining
3346,peritonitis
3347,complains
3348,odor
3349,terrific
3350,embarrassed
3351,confession
3352,promised
3353,prayers
3354,suffered
3355,greased
3356,infected
3357,worker
3358,callous
3359,dreadful
3360,dusk
3361,ore
3362,west
3363,seattle
3364,revellers
3365,minneapolis
3366,studio
3367,carrying
3368,instruments
3369,revelled
3370,pictured
3371,tumbleweed
3372,butte
3373,pheasants
3374,bedstead
3375,comic
3376,section
3377,leaded
3378,base
3379,lamp
3380,hitting
3381,antithesis
3382,healing
3383,simpler
3384,including
3385,jokes
3386,dawson
3387,views
3388,premature
3389,rooms
3390,abandoned
3391,view
3392,acquires
3393,angle
3394,welcome
3395,resent
3396,tunes
3397,simple
3398,singsong
3399,lies
3400,satisfactory
3401,betty
3402,co-ed
3403,tune
3404,parody
3405,unavoidably
3406,increasingly
3407,obscene
3408,appreciate
3409,using
3410,x-ray
3411,radios
3412,protested
3413,action
3414,taken
3415,worried
3416,mexicans
3417,game
3418,chapel
3419,praying
3420,playing
3421,athletics
3422,bat
3423,direct
3424,batting
3425,safely
3426,bases
3427,drive
3428,cardinals
3429,simply
3430,glimpse
3431,fan
3432,notre
3433,dame
3434,lady
3435,mostly
3436,probationer
3437,touchdown
3438,rang
3439,bell
3440,sending
3441,lead
3442,baseball
3443,beaten
3444,promise
3445,whenever
3446,scored
3447,result
3448,confident
3449,visitors
3450,forgotten
3451,o'brien
3452,thick
3453,darkest
3454,smallest
3455,mounts
3456,tapped
3457,lodge
3458,timber
3459,costs
3460,cost
3461,rented
3462,indicating
3463,equally
3464,mount
3465,afterwards
3466,card-player
3467,figure
3468,rich
3469,poorer
3470,perforated
3471,guitar
3472,player
3473,players
3474,accordion
3475,amiable
3476,permit
3477,intelligence
3478,sympathy
3479,distrust
3480,priests
3481,monks
3482,sisters
3483,experiences
3484,acolyte
3485,opium
3486,mariajuana
3487,commences
3488,politely
3489,ignorant
3490,robbing
3491,stomach
3492,stations
3493,signing
3494,denver
3495,lake
3496,los
3497,angeles
3498,rocky
3499,dull
3500,ballrooms
3501,mentioned
3502,hotels
3503,taxicab
3504,cabs
3505,cab
3506,equipped
3507,roadhouse
3508,canadian
3509,parties
3510,musical
3511,selections
3512,phoned
3513,hearing
3514,beds
3515,nerves
3516,tricky
3517,weeks
3518,lasted
3519,resented
3520,experiment
3521,barely
3522,learning
3523,mail
3524,supposedly
3525,aback
3526,cecila
3527,renounced
3528,convent
3529,awoke
3530,encouraged
3531,encourage
3532,paralyzed
3533,nerve
3534,regenerate
3535,wheel
3536,transparent
3537,needing
3538,hola
3539,tal
3540,thou
3541,belly
3542,observing
3543,ward
3544,deprecatingly
3545,rests
3546,private
3547,doubt
3548,least
3549,tapping
3550,countrymen
3551,serenade
3552,musicians
3553,fatal
3554,thirty-eight
3555,idealist
3556,illusions
3557,grinned
3558,professional
3559,gamble
3560,gambling
3561,crooked
3562,fires
3563,intercepted
3564,stirrup
3565,hanged
3566,dice
3567,crapped
3568,continue
3569,enjoy
3570,games
3571,concentrated
3572,philosopher
3573,towns
3574,stops
3575,passes
3576,cheerful
3577,inhalations
3578,exhalations
3579,bells
3580,traps
3581,drum
3582,rodeo
3583,rider
3584,chutes
3585,crowd
3586,cane
3587,carpenter
3588,fallen
3589,scaffolding
3590,ankles
3591,wrists
3592,cat
3593,resiliency
3594,rebroken
3595,small-town
3596,accord
3597,noisy
3598,wished
3599,cucaracha
3600,sinister
3601,lightness
3602,deftness
3603,noisily
3604,emotion
3605,spite
3606,introduction
3607,dyspeptic
3608,joint-keeper
3609,mount-to-the-head
3610,economics
3611,patriotism
3612,germany
3613,sexual
3614,intercourse
3615,sovereign
3616,ambition
3617,belief
3618,government
3619,minimum
3620,liberty
3621,macfadden
3622,publication
3623,bread
3624,historic
3625,revolution
3626,operated
3627,an鎠thetic
3628,opiums
3629,rescued
3630,ignorance
3631,education
3632,worriedly
3633,catharsis
3634,ecstasy
3635,prolonged
3636,tyranny
3637,spot
3638,giant
3639,killer
3640,sign
3641,detour
3642,obviously
3643,believing
3644,repair
3645,completed
3646,brick-paved
3647,traffic
3648,flashed
3649,traffic-less
3650,payments
3651,dampen
3652,stranger
3653,highway
3654,cleanly
3655,second-growth
3656,cotton
3657,clearings
3658,patches
3659,streaks
3660,sorghum
3661,seat
3662,soy
3663,peas
3664,thickets
3665,cut-over
3666,land
3667,cabins
3668,relation
3669,sizing
3670,clearing
3671,feed
3672,figuring
3673,habitual
3674,dogs
3675,pouring
3676,skimming
3677,whirring
3678,pass
3679,shoulder
3680,thicket
3681,movements
3682,shoulders
3683,hooked
3684,formation
3685,brows
3686,special
3687,protection
3688,devised
3689,instrument
3690,quicker
3691,sees
3692,gift
3693,big-horn
3694,ram
3695,flag
3696,dorothy
3697,dock
3698,wooded
3699,shore-line
3700,higher
3701,guarded
3702,bay
3703,cottage
3704,sheep
3705,whitish
3706,gray-green
3707,faculty
3708,surpasses
3709,requirements
3710,sentimental
3711,cruel
3712,abused
3713,trap
3714,helped
3715,betrayed
3716,ways
3717,grateful
3718,unsound
3719,instance
3720,passion
3721,slackened
3722,bringing
3723,equipment
3724,learns
3725,information
3726,squirrel
3727,hemlock
3728,ball
3729,thumb
3730,smacked
3731,suck
3732,heinous
3733,imagination
3734,stirred
3735,horrified
3736,attractive
3737,practical
3738,total
3739,bequeathed
3740,enrico
3741,caruso
3742,mashing
3743,crimes
3744,nick's
3745,tenor
3746,bizarre
3747,potato
3748,masher
3749,anna
3750,resolved
3751,summed
3752,stating
3753,masturbation
3754,blindness
3755,insanity
3756,prostitutes
3757,hideous
3758,venereal
3759,diseases
3760,remembering
3761,earliest
3762,undertaker
3763,blurred
3764,responsibilities
3765,complimented
3766,proud
3767,smugly
3768,dashingly
3769,executed
3770,repairs
3771,merit
3772,modelled
3773,matters
3774,acquired
3775,woods
3776,camp
3777,trail
3778,slashings
3779,pine
3780,loam
3781,logs
3782,crumbled
3783,splintered
3784,javelins
3785,crossed
3786,log
3787,stepped
3788,muck
3789,swamp
3790,cropped
3791,sorrel
3792,mullen
3793,growing
3794,quaky
3795,bog
3796,killdeer
3797,plover
3798,fed
3799,barn
3800,manure
3801,caked
3802,sandy
3803,crossing
3804,cat-tails
3805,kerosene
3806,jack-lights
3807,spearing
3808,skirting
3809,climbing
3810,shale
3811,broadened
3812,skid
3813,rows
3814,stacks
3815,roofed
3816,peeled
3817,felled
3818,burn
3819,tannery
3820,boyne
3821,hauling
3822,forest
3823,shadeless
3824,weed-grown
3825,slashing
3826,virgin
3827,springy-needled
3828,undergrowth
3829,hottest
3830,trunk
3831,billy
3832,trudy
3833,huh
3834,listening
3835,barked
3836,jerk
3837,tail
3838,movement
3839,cartridges
3840,hunt
3841,single-barrel
3842,twenty-gauge
3843,shotgun
3844,nickie
3845,scare
3846,feeling
3847,hollow
3848,eddie
3849,half-brother
3850,gilby
3851,cocked
3852,aim
3853,half-breed
3854,bluff
3855,exploring
3856,scalp
3857,scalped
3858,throw
3859,depressed
3860,gloomily
3861,renegade
3862,unchanging
3863,pardoned
3864,hang
3865,holler
3866,rubbed
3867,paws
3868,kiss
3869,belonged
3870,jack-snipe
3871,prairie
3872,shocks
3873,buggy
3874,geese
3875,duck
3876,blind
3877,dropped
3878,whirling
3879,canvas-covered
3880,decoy
3881,talons
3882,canvas
3883,orchards
3884,new-plowed
3885,splitting
3886,grist
3887,mills
3888,dams
3889,shared
3890,frost
3891,sweated
3892,manual
3893,hated
3894,underwear
3895,stones
3896,freshly
3897,sniffed
3898,indignantly
3899,whipped
3900,woodshed
3901,loaded
3902,anger
3903,bird
3904,help
3905,startled
3906,squirrels
3907,teach
3908,banging
3909,ojibways
3910,flat
3911,breasts
3912,searching
3913,tongue
3914,uncomfortably
3915,tightly
3916,sweetly
3917,moistly
3918,achingly
3919,fully
3920,unendingly
3921,never-endingly
3922,never-to-endingly
3923,ended
3924,flown
3925,owl
3926,twilight
3927,needles
3928,buzz
3929,sweetgrass
3930,cased
3931,marten
3932,squaws
3933,grandfather
3934,describe
3935,hunter
3936,fisherman
3937,wing
3938,bet
3939,tomb
3940,arrange
3941,convenient
3942,visited
